login;pass
tt1;pass1
tt2;pass2
tt3;pass3
tt4;pass4
tt5;pass5
tt6;pass6
tt7;pass7
tt8;pass8
tt9;pass9
tt10;pass10
tt11;pass11
tt12;pass12
tt13;pass13
tt14;pass14
tt15;pass15
tt16;pass16
tt17;pass17
tt18;pass18
tt19;pass19
tt20;pass20
tt21;pass21
tt22;pass22
tt23;pass23
tt24;pass24
tt25;pass25
tt26;pass26
tt27;pass27
tt28;pass28
tt29;pass29
tt30;pass30
tt31;pass31
tt32;pass32
tt33;pass33
tt34;pass34
tt35;pass35
tt36;pass36
tt37;pass37
tt38;pass38
tt39;pass39
tt40;pass40
tt41;pass41
tt42;pass42
tt43;pass43
tt44;pass44
tt45;pass45
tt46;pass46
tt47;pass47
tt48;pass48
tt49;pass49
tt50;pass50
tt51;pass51
tt52;pass52
tt53;pass53
tt54;pass54
tt55;pass55
tt56;pass56
tt57;pass57
tt58;pass58
tt59;pass59
tt60;pass60
tt61;pass61
tt62;pass62
tt63;pass63
tt64;pass64
tt65;pass65
tt66;pass66
tt67;pass67
tt68;pass68
tt69;pass69
tt70;pass70
tt71;pass71
tt72;pass72
tt73;pass73
tt74;pass74
tt75;pass75
tt76;pass76
tt77;pass77
tt78;pass78
tt79;pass79
tt80;pass80
tt81;pass81
tt82;pass82
tt83;pass83
tt84;pass84
tt85;pass85
tt86;pass86
tt87;pass87
tt88;pass88
tt89;pass89
tt90;pass90
tt91;pass91
tt92;pass92
tt93;pass93
tt94;pass94
tt95;pass95
tt96;pass96
tt97;pass97
tt98;pass98
tt99;pass99
tt100;pass100
tt101;pass101
tt102;pass102
tt103;pass103
tt104;pass104
tt105;pass105
tt106;pass106
tt107;pass107
tt108;pass108
tt109;pass109
tt110;pass110
tt111;pass111
tt112;pass112
tt113;pass113
tt114;pass114
tt115;pass115
tt116;pass116
tt117;pass117
tt118;pass118
tt119;pass119
tt120;pass120
tt121;pass121
tt122;pass122
tt123;pass123
tt124;pass124
tt125;pass125
tt126;pass126
tt127;pass127
tt128;pass128
tt129;pass129
tt130;pass130
tt131;pass131
tt132;pass132
tt133;pass133
tt134;pass134
tt135;pass135
tt136;pass136
tt137;pass137
tt138;pass138
tt139;pass139
tt140;pass140
tt141;pass141
tt142;pass142
tt143;pass143
tt144;pass144
tt145;pass145
tt146;pass146
tt147;pass147
tt148;pass148
tt149;pass149
tt150;pass150
tt151;pass151
tt152;pass152
tt153;pass153
tt154;pass154
tt155;pass155
tt156;pass156
tt157;pass157
tt158;pass158
tt159;pass159
tt160;pass160
tt161;pass161
tt162;pass162
tt163;pass163
tt164;pass164
tt165;pass165
tt166;pass166
tt167;pass167
tt168;pass168
tt169;pass169
tt170;pass170
tt171;pass171
tt172;pass172
tt173;pass173
tt174;pass174
tt175;pass175
tt176;pass176
tt177;pass177
tt178;pass178
tt179;pass179
tt180;pass180
tt181;pass181
tt182;pass182
tt183;pass183
tt184;pass184
tt185;pass185
tt186;pass186
tt187;pass187
tt188;pass188
tt189;pass189
tt190;pass190
tt191;pass191
tt192;pass192
tt193;pass193
tt194;pass194
tt195;pass195
tt196;pass196
tt197;pass197
tt198;pass198
tt199;pass199
tt200;pass200
tt201;pass201
tt202;pass202
tt203;pass203
tt204;pass204
tt205;pass205
tt206;pass206
tt207;pass207
tt208;pass208
tt209;pass209
tt210;pass210
tt211;pass211
tt212;pass212
tt213;pass213
tt214;pass214
tt215;pass215
tt216;pass216
tt217;pass217
tt218;pass218
tt219;pass219
tt220;pass220
tt221;pass221
tt222;pass222
tt223;pass223
tt224;pass224
tt225;pass225
tt226;pass226
tt227;pass227
tt228;pass228
tt229;pass229
tt230;pass230
tt231;pass231
tt232;pass232
tt233;pass233
tt234;pass234
tt235;pass235
tt236;pass236
tt237;pass237
tt238;pass238
tt239;pass239
tt240;pass240
tt241;pass241
tt242;pass242
tt243;pass243
tt244;pass244
tt245;pass245
tt246;pass246
tt247;pass247
tt248;pass248
tt249;pass249
tt250;pass250
tt251;pass251
tt252;pass252
tt253;pass253
tt254;pass254
tt255;pass255
tt256;pass256
tt257;pass257
tt258;pass258
tt259;pass259
tt260;pass260
tt261;pass261
tt262;pass262
tt263;pass263
tt264;pass264
tt265;pass265
tt266;pass266
tt267;pass267
tt268;pass268
tt269;pass269
tt270;pass270
tt271;pass271
tt272;pass272
tt273;pass273
tt274;pass274
tt275;pass275
tt276;pass276
tt277;pass277
tt278;pass278
tt279;pass279
tt280;pass280
tt281;pass281
tt282;pass282
tt283;pass283
tt284;pass284
tt285;pass285
tt286;pass286
tt287;pass287
tt288;pass288
tt289;pass289
tt290;pass290
tt291;pass291
tt292;pass292
tt293;pass293
tt294;pass294
tt295;pass295
tt296;pass296
tt297;pass297
tt298;pass298
tt299;pass299
tt300;pass300
tt301;pass301
tt302;pass302
tt303;pass303
tt304;pass304
tt305;pass305
tt306;pass306
tt307;pass307
tt308;pass308
tt309;pass309
tt310;pass310
tt311;pass311
tt312;pass312
tt313;pass313
tt314;pass314
tt315;pass315
tt316;pass316
tt317;pass317
tt318;pass318
tt319;pass319
tt320;pass320
tt321;pass321
tt322;pass322
tt323;pass323
tt324;pass324
tt325;pass325
tt326;pass326
tt327;pass327
tt328;pass328
tt329;pass329
tt330;pass330
tt331;pass331
tt332;pass332
tt333;pass333
tt334;pass334
tt335;pass335
tt336;pass336
tt337;pass337
tt338;pass338
tt339;pass339
tt340;pass340
tt341;pass341
tt342;pass342
tt343;pass343
tt344;pass344
tt345;pass345
tt346;pass346
tt347;pass347
tt348;pass348
tt349;pass349
tt350;pass350
tt351;pass351
tt352;pass352
tt353;pass353
tt354;pass354
tt355;pass355
tt356;pass356
tt357;pass357
tt358;pass358
tt359;pass359
tt360;pass360
tt361;pass361
tt362;pass362
tt363;pass363
tt364;pass364
tt365;pass365
tt366;pass366
tt367;pass367
tt368;pass368
tt369;pass369
tt370;pass370
tt371;pass371
tt372;pass372
tt373;pass373
tt374;pass374
tt375;pass375
tt376;pass376
tt377;pass377
tt378;pass378
tt379;pass379
tt380;pass380
tt381;pass381
tt382;pass382
tt383;pass383
tt384;pass384
tt385;pass385
tt386;pass386
tt387;pass387
tt388;pass388
tt389;pass389
tt390;pass390
tt391;pass391
tt392;pass392
tt393;pass393
tt394;pass394
tt395;pass395
tt396;pass396
tt397;pass397
tt398;pass398
tt399;pass399
tt400;pass400
tt401;pass401
tt402;pass402
tt403;pass403
tt404;pass404
tt405;pass405
tt406;pass406
tt407;pass407
tt408;pass408
tt409;pass409
tt410;pass410
tt411;pass411
tt412;pass412
tt413;pass413
tt414;pass414
tt415;pass415
tt416;pass416
tt417;pass417
tt418;pass418
tt419;pass419
tt420;pass420
tt421;pass421
tt422;pass422
tt423;pass423
tt424;pass424
tt425;pass425
tt426;pass426
tt427;pass427
tt428;pass428
tt429;pass429
tt430;pass430
tt431;pass431
tt432;pass432
tt433;pass433
tt434;pass434
tt435;pass435
tt436;pass436
tt437;pass437
tt438;pass438
tt439;pass439
tt440;pass440
tt441;pass441
tt442;pass442
tt443;pass443
tt444;pass444
tt445;pass445
tt446;pass446
tt447;pass447
tt448;pass448
tt449;pass449
tt450;pass450
tt451;pass451
tt452;pass452
tt453;pass453
tt454;pass454
tt455;pass455
tt456;pass456
tt457;pass457
tt458;pass458
tt459;pass459
tt460;pass460
tt461;pass461
tt462;pass462
tt463;pass463
tt464;pass464
tt465;pass465
tt466;pass466
tt467;pass467
tt468;pass468
tt469;pass469
tt470;pass470
tt471;pass471
tt472;pass472
tt473;pass473
tt474;pass474
tt475;pass475
tt476;pass476
tt477;pass477
tt478;pass478
tt479;pass479
tt480;pass480
tt481;pass481
tt482;pass482
tt483;pass483
tt484;pass484
tt485;pass485
tt486;pass486
tt487;pass487
tt488;pass488
tt489;pass489
tt490;pass490
tt491;pass491
tt492;pass492
tt493;pass493
tt494;pass494
tt495;pass495
tt496;pass496
tt497;pass497
tt498;pass498
tt499;pass499
tt500;pass500
tt501;pass501
tt502;pass502
tt503;pass503
tt504;pass504
tt505;pass505
tt506;pass506
tt507;pass507
tt508;pass508
tt509;pass509
tt510;pass510
tt511;pass511
tt512;pass512
tt513;pass513
tt514;pass514
tt515;pass515
tt516;pass516
tt517;pass517
tt518;pass518
tt519;pass519
tt520;pass520
tt521;pass521
tt522;pass522
tt523;pass523
tt524;pass524
tt525;pass525
tt526;pass526
tt527;pass527
tt528;pass528
tt529;pass529
tt530;pass530
tt531;pass531
tt532;pass532
tt533;pass533
tt534;pass534
tt535;pass535
tt536;pass536
tt537;pass537
tt538;pass538
tt539;pass539
tt540;pass540
tt541;pass541
tt542;pass542
tt543;pass543
tt544;pass544
tt545;pass545
tt546;pass546
tt547;pass547
tt548;pass548
tt549;pass549
tt550;pass550
tt551;pass551
tt552;pass552
tt553;pass553
tt554;pass554
tt555;pass555
tt556;pass556
tt557;pass557
tt558;pass558
tt559;pass559
tt560;pass560
tt561;pass561
tt562;pass562
tt563;pass563
tt564;pass564
tt565;pass565
tt566;pass566
tt567;pass567
tt568;pass568
tt569;pass569
tt570;pass570
tt571;pass571
tt572;pass572
tt573;pass573
tt574;pass574
tt575;pass575
tt576;pass576
tt577;pass577
tt578;pass578
tt579;pass579
tt580;pass580
tt581;pass581
tt582;pass582
tt583;pass583
tt584;pass584
tt585;pass585
tt586;pass586
tt587;pass587
tt588;pass588
tt589;pass589
tt590;pass590
tt591;pass591
tt592;pass592
tt593;pass593
tt594;pass594
tt595;pass595
tt596;pass596
tt597;pass597
tt598;pass598
tt599;pass599
tt600;pass600
tt601;pass601
tt602;pass602
tt603;pass603
tt604;pass604
tt605;pass605
tt606;pass606
tt607;pass607
tt608;pass608
tt609;pass609
tt610;pass610
tt611;pass611
tt612;pass612
tt613;pass613
tt614;pass614
tt615;pass615
tt616;pass616
tt617;pass617
tt618;pass618
tt619;pass619
tt620;pass620
tt621;pass621
tt622;pass622
tt623;pass623
tt624;pass624
tt625;pass625
tt626;pass626
tt627;pass627
tt628;pass628
tt629;pass629
tt630;pass630
tt631;pass631
tt632;pass632
tt633;pass633
tt634;pass634
tt635;pass635
tt636;pass636
tt637;pass637
tt638;pass638
tt639;pass639
tt640;pass640
tt641;pass641
tt642;pass642
tt643;pass643
tt644;pass644
tt645;pass645
tt646;pass646
tt647;pass647
tt648;pass648
tt649;pass649
tt650;pass650
tt651;pass651
tt652;pass652
tt653;pass653
tt654;pass654
tt655;pass655
tt656;pass656
tt657;pass657
tt658;pass658
tt659;pass659
tt660;pass660
tt661;pass661
tt662;pass662
tt663;pass663
tt664;pass664
tt665;pass665
tt666;pass666
tt667;pass667
tt668;pass668
tt669;pass669
tt670;pass670
tt671;pass671
tt672;pass672
tt673;pass673
tt674;pass674
tt675;pass675
tt676;pass676
tt677;pass677
tt678;pass678
tt679;pass679
tt680;pass680
tt681;pass681
tt682;pass682
tt683;pass683
tt684;pass684
tt685;pass685
tt686;pass686
tt687;pass687
tt688;pass688
tt689;pass689
tt690;pass690
tt691;pass691
tt692;pass692
tt693;pass693
tt694;pass694
tt695;pass695
tt696;pass696
tt697;pass697
tt698;pass698
tt699;pass699
tt700;pass700
tt701;pass701
tt702;pass702
tt703;pass703
tt704;pass704
tt705;pass705
tt706;pass706
tt707;pass707
tt708;pass708
tt709;pass709
tt710;pass710
tt711;pass711
tt712;pass712
tt713;pass713
tt714;pass714
tt715;pass715
tt716;pass716
tt717;pass717
tt718;pass718
tt719;pass719
tt720;pass720
tt721;pass721
tt722;pass722
tt723;pass723
tt724;pass724
tt725;pass725
tt726;pass726
tt727;pass727
tt728;pass728
tt729;pass729
tt730;pass730
tt731;pass731
tt732;pass732
tt733;pass733
tt734;pass734
tt735;pass735
tt736;pass736
tt737;pass737
tt738;pass738
tt739;pass739
tt740;pass740
tt741;pass741
tt742;pass742
tt743;pass743
tt744;pass744
tt745;pass745
tt746;pass746
tt747;pass747
tt748;pass748
tt749;pass749
tt750;pass750
tt751;pass751
tt752;pass752
tt753;pass753
tt754;pass754
tt755;pass755
tt756;pass756
tt757;pass757
tt758;pass758
tt759;pass759
tt760;pass760
tt761;pass761
tt762;pass762
tt763;pass763
tt764;pass764
tt765;pass765
tt766;pass766
tt767;pass767
tt768;pass768
tt769;pass769
tt770;pass770
tt771;pass771
tt772;pass772
tt773;pass773
tt774;pass774
tt775;pass775
tt776;pass776
tt777;pass777
tt778;pass778
tt779;pass779
tt780;pass780
tt781;pass781
tt782;pass782
tt783;pass783
tt784;pass784
tt785;pass785
tt786;pass786
tt787;pass787
tt788;pass788
tt789;pass789
tt790;pass790
tt791;pass791
tt792;pass792
tt793;pass793
tt794;pass794
tt795;pass795
tt796;pass796
tt797;pass797
tt798;pass798
tt799;pass799
tt800;pass800
tt801;pass801
tt802;pass802
tt803;pass803
tt804;pass804
tt805;pass805
tt806;pass806
tt807;pass807
tt808;pass808
tt809;pass809
tt810;pass810
tt811;pass811
tt812;pass812
tt813;pass813
tt814;pass814
tt815;pass815
tt816;pass816
tt817;pass817
tt818;pass818
tt819;pass819
tt820;pass820
tt821;pass821
tt822;pass822
tt823;pass823
tt824;pass824
tt825;pass825
tt826;pass826
tt827;pass827
tt828;pass828
tt829;pass829
tt830;pass830
tt831;pass831
tt832;pass832
tt833;pass833
tt834;pass834
tt835;pass835
tt836;pass836
tt837;pass837
tt838;pass838
tt839;pass839
tt840;pass840
tt841;pass841
tt842;pass842
tt843;pass843
tt844;pass844
tt845;pass845
tt846;pass846
tt847;pass847
tt848;pass848
tt849;pass849
tt850;pass850
tt851;pass851
tt852;pass852
tt853;pass853
tt854;pass854
tt855;pass855
tt856;pass856
tt857;pass857
tt858;pass858
tt859;pass859
tt860;pass860
tt861;pass861
tt862;pass862
tt863;pass863
tt864;pass864
tt865;pass865
tt866;pass866
tt867;pass867
tt868;pass868
tt869;pass869
tt870;pass870
tt871;pass871
tt872;pass872
tt873;pass873
tt874;pass874
tt875;pass875
tt876;pass876
tt877;pass877
tt878;pass878
tt879;pass879
tt880;pass880
tt881;pass881
tt882;pass882
tt883;pass883
tt884;pass884
tt885;pass885
tt886;pass886
tt887;pass887
tt888;pass888
tt889;pass889
tt890;pass890
tt891;pass891
tt892;pass892
tt893;pass893
tt894;pass894
tt895;pass895
tt896;pass896
tt897;pass897
tt898;pass898
tt899;pass899
tt900;pass900
tt901;pass901
tt902;pass902
tt903;pass903
tt904;pass904
tt905;pass905
tt906;pass906
tt907;pass907
tt908;pass908
tt909;pass909
tt910;pass910
tt911;pass911
tt912;pass912
tt913;pass913
tt914;pass914
tt915;pass915
tt916;pass916
tt917;pass917
tt918;pass918
tt919;pass919
tt920;pass920
tt921;pass921
tt922;pass922
tt923;pass923
tt924;pass924
tt925;pass925
tt926;pass926
tt927;pass927
tt928;pass928
tt929;pass929
tt930;pass930
tt931;pass931
tt932;pass932
tt933;pass933
tt934;pass934
tt935;pass935
tt936;pass936
tt937;pass937
tt938;pass938
tt939;pass939
tt940;pass940
tt941;pass941
tt942;pass942
tt943;pass943
tt944;pass944
tt945;pass945
tt946;pass946
tt947;pass947
tt948;pass948
tt949;pass949
tt950;pass950
tt951;pass951
tt952;pass952
tt953;pass953
tt954;pass954
tt955;pass955
tt956;pass956
tt957;pass957
tt958;pass958
tt959;pass959
tt960;pass960
tt961;pass961
tt962;pass962
tt963;pass963
tt964;pass964
tt965;pass965
tt966;pass966
tt967;pass967
tt968;pass968
tt969;pass969
tt970;pass970
tt971;pass971
tt972;pass972
tt973;pass973
tt974;pass974
tt975;pass975
tt976;pass976
tt977;pass977
tt978;pass978
tt979;pass979
tt980;pass980
tt981;pass981
tt982;pass982
tt983;pass983
tt984;pass984
tt985;pass985
tt986;pass986
tt987;pass987
tt988;pass988
tt989;pass989
tt990;pass990
tt991;pass991
tt992;pass992
tt993;pass993
tt994;pass994
tt995;pass995
tt996;pass996
tt997;pass997
tt998;pass998
tt999;pass999
tt1000;pass1000
tt1001;pass1001
tt1002;pass1002
tt1003;pass1003
tt1004;pass1004
tt1005;pass1005
tt1006;pass1006
tt1007;pass1007
tt1008;pass1008
tt1009;pass1009
tt1010;pass1010
tt1011;pass1011
tt1012;pass1012
tt1013;pass1013
tt1014;pass1014
tt1015;pass1015
tt1016;pass1016
tt1017;pass1017
tt1018;pass1018
tt1019;pass1019
tt1020;pass1020
tt1021;pass1021
tt1022;pass1022
tt1023;pass1023
tt1024;pass1024
